<RSAKeyValue><Modulus>+JOjyobrenDjvZt660htDkpr5HKU6cDoSwaDSXUF0YNO+4uml6EcMHbywRAgw0CK2tx6BMcrrgu4on6ndlhp51C1tvIcolgRamTqQtg31g2889v5UKpSSlfdmu8m/svninmczc09dmbsnWfUcqXBDKn7sAehCYeSWqMEMej8C38=</Modulus><Exponent>AQAB</Exponent><P>+7pBnmc8wRuG0+pNtTgXec2+um9txfB41kcwk3E6wxpiqahZM7vtvDzyZG/Mn8O5LxO6pOBQG4ypkVEoymHUoQ==</P><Q>/MuxdsS/o02J8kdWDhRnsx9LLwR3RcyTnGEEgnCHZ9DhP7bHTnuklI8sbilsRVwUaI87uIz2aLbxe8SqkdPMHw==</Q><DP>Hwz2kyeA4wEWPIWmWDg3DRtH749XJxdmkGfvogBRk0dp7CuL9Um1JYcPDzyLLRnjed8hIr1YpE1RjU9JjM1MgQ==</DP><DQ>9tEeJNr2TMgg/ndd8wNDOGU+b9qJZZHXMWCcGYsq+Va9Bgs8T0lzKEUd2TUCbDn6BxiJ86dV0mmEHxamfxjuew==</DQ><InverseQ>y1uc/LijIkzwx8CoRB0ARRadK3goXYQhnBjijHpREXGtyHBEZ3cxPW0fRsDVV7hw9YUv2tkgzcOaRSLvyOWu1A==</InverseQ><D>L+p9wzd4wtRqAg2rhxkh9IRCAfpYXCrUXEn4GrvVEEroebK0vTvQLENxjeem+RxC5+diGfOuptEZmTEi5LwsRYpXQsEfHk42oHfpDLlCmC+jxGv8bf9Ws2Swg157azF5D70UNohkrU/amav4i6xnKLpHohp9+dR0ZJfpKA6o3ME=</D></RSAKeyValue>